product_id,product_name,category,source_filename,final_filename,local_path,menu_img_path,mapping_type,confidence,needs_supplier_confirmation,notes
panini-carne-brontolo-2,Brontolo,Panini carne,brontolo.jpeg,panini_brontolo__panino_brontolo.jpg,assets/pagnottella/images/products/panini_brontolo__panino_brontolo.jpg,../assets/pagnottella/images/products/panini_brontolo__panino_brontolo.jpg,foto_specifica_fornitore,alta,False,Foto fornita dal fornitore nella mail del 24/07/2026.
panini-carne-goloso-10,Goloso,Panini carne,goloso.jpeg,panini_goloso__panino_goloso.jpg,assets/pagnottella/images/products/panini_goloso__panino_goloso.jpg,../assets/pagnottella/images/products/panini_goloso__panino_goloso.jpg,foto_specifica_fornitore,alta,False,Foto fornita dal fornitore nella mail del 24/07/2026.
panini-carne-montanaro-13,Montanaro,Panini carne,montanaro.jpeg,panini_montanaro__panino_montanaro.jpg,assets/pagnottella/images/products/panini_montanaro__panino_montanaro.jpg,../assets/pagnottella/images/products/panini_montanaro__panino_montanaro.jpg,foto_specifica_fornitore,alta,False,Foto fornita dal fornitore nella mail del 24/07/2026.
panini-carne-newyorkese-14,Newyorkese,Panini carne,newyorkese_CMYK.jpeg,panini_newyorkese__panino_newyorkese.jpg,assets/pagnottella/images/products/panini_newyorkese__panino_newyorkese.jpg,../assets/pagnottella/images/products/panini_newyorkese__panino_newyorkese.jpg,foto_specifica_fornitore,alta,False,Foto fornita dal fornitore nella mail del 24/07/2026.
panini-pesce-mediterraneo-5,Mediterraneo,Panini pesce,mediterraneo.jpeg,panini_mediterraneo__panino_mediterraneo.jpg,assets/pagnottella/images/products/panini_mediterraneo__panino_mediterraneo.jpg,../assets/pagnottella/images/products/panini_mediterraneo__panino_mediterraneo.jpg,foto_specifica_fornitore,alta,False,Foto fornita dal fornitore nella mail del 24/07/2026.
panini-pesce-messicano-6,Messicano,Panini pesce,messicano_3.jpeg,panini_messicano__panino_messicano.jpg,assets/pagnottella/images/products/panini_messicano__panino_messicano.jpg,../assets/pagnottella/images/products/panini_messicano__panino_messicano.jpg,foto_specifica_fornitore,alta,False,Foto fornita dal fornitore nella mail del 24/07/2026.
bevande-pane-nutella-4,Pane e Nutella,Dolci,Nutella.jpeg,dolci_pane_nutella__pane_nutella.jpg,assets/pagnottella/images/products/dolci_pane_nutella__pane_nutella.jpg,../assets/pagnottella/images/products/dolci_pane_nutella__pane_nutella.jpg,foto_specifica_fornitore,alta,False,Foto fornita dal fornitore nella mail del 24/07/2026.
speciali-apollo-0,Apollo,Speciali,apollo_2.jpeg,speciali_apollo__apollo.jpg,assets/pagnottella/images/products/speciali_apollo__apollo.jpg,../assets/pagnottella/images/products/speciali_apollo__apollo.jpg,foto_specifica_fornitore,alta,False,Foto fornita dal fornitore nella mail del 24/07/2026.
insalate-veg-reginella-4,Reginella,Insalate vegetariane,reginella_3.jpeg,insalate_reginella__insalata_reginella.jpg,assets/pagnottella/images/products/insalate_reginella__insalata_reginella.jpg,../assets/pagnottella/images/products/insalate_reginella__insalata_reginella.jpg,foto_specifica_fornitore,alta,False,Foto fornita dal fornitore nella mail del 24/07/2026.
insalate-veg-ortolana-3,Ortolana,Insalate vegetariane,ortolana_CMYK.jpeg,insalate_ortolana__insalata_ortolana.jpg,assets/pagnottella/images/products/insalate_ortolana__insalata_ortolana.jpg,../assets/pagnottella/images/products/insalate_ortolana__insalata_ortolana.jpg,foto_specifica_fornitore,alta,False,Foto fornita dal fornitore nella mail del 24/07/2026.
insalate-pesce-trapanese-17,Trapanese,Insalate pesce,trapanese.jpeg,insalate_trapanese__insalata_trapanese.jpg,assets/pagnottella/images/products/insalate_trapanese__insalata_trapanese.jpg,../assets/pagnottella/images/products/insalate_trapanese__insalata_trapanese.jpg,foto_specifica_fornitore,alta,False,Foto fornita dal fornitore nella mail del 24/07/2026.
insalate-pesce-sportiva-16,Sportiva,Insalate pesce,sportiva.jpeg,insalate_sportiva__insalata_sportiva.jpg,assets/pagnottella/images/products/insalate_sportiva__insalata_sportiva.jpg,../assets/pagnottella/images/products/insalate_sportiva__insalata_sportiva.jpg,foto_specifica_fornitore,alta,False,Foto fornita dal fornitore nella mail del 24/07/2026.
insalate-pesce-siracusa-15,Siracusa,Insalate pesce,siracusa.jpeg,insalate_siracusa__insalata_siracusa.jpg,assets/pagnottella/images/products/insalate_siracusa__insalata_siracusa.jpg,../assets/pagnottella/images/products/insalate_siracusa__insalata_siracusa.jpg,foto_specifica_fornitore,alta,False,Foto fornita dal fornitore nella mail del 24/07/2026.
insalate-pesce-salentina-12,Salentina,Insalate pesce,salentina_3.jpeg,insalate_salentina__insalata_salentina.jpg,assets/pagnottella/images/products/insalate_salentina__insalata_salentina.jpg,../assets/pagnottella/images/products/insalate_salentina__insalata_salentina.jpg,foto_specifica_fornitore,alta,False,Foto fornita dal fornitore nella mail del 24/07/2026.
insalate-pesce-osaka-10,Osaka,Insalate pesce,osaka.jpeg,insalate_osaka__insalata_osaka.jpg,assets/pagnottella/images/products/insalate_osaka__insalata_osaka.jpg,../assets/pagnottella/images/products/insalate_osaka__insalata_osaka.jpg,foto_specifica_fornitore,alta,False,Foto fornita dal fornitore nella mail del 24/07/2026.
insalate-pesce-hawaii-6,Hawaii,Insalate pesce,hawaii_4.jpeg,insalate_hawaii__insalata_hawaii.jpg,assets/pagnottella/images/products/insalate_hawaii__insalata_hawaii.jpg,../assets/pagnottella/images/products/insalate_hawaii__insalata_hawaii.jpg,foto_specifica_fornitore,alta,False,Foto fornita dal fornitore nella mail del 24/07/2026.
insalate-carne-suprema-2,Suprema,Insalate carne,suprema_CMYK.jpeg,insalate_suprema__insalata_suprema.jpg,assets/pagnottella/images/products/insalate_suprema__insalata_suprema.jpg,../assets/pagnottella/images/products/insalate_suprema__insalata_suprema.jpg,foto_specifica_fornitore,alta,False,Foto fornita dal fornitore nella mail del 24/07/2026.
